,precision,recall,f1-score,support
NORMAL,0.9294871794871795,0.6196581196581197,0.7435897435897436,234.0
PNEUMONIA,0.8098290598290598,0.9717948717948718,0.8834498834498834,390.0
accuracy,0.8397435897435898,0.8397435897435898,0.8397435897435898,0.8397435897435898
macro avg,0.8696581196581197,0.7957264957264958,0.8135198135198135,624.0
weighted avg,0.8547008547008546,0.8397435897435898,0.8310023310023309,624.0
