,precision,recall,f1-score,support
NORMAL,0.8709677419354839,0.6923076923076923,0.7714285714285715,234.0
PNEUMONIA,0.8356164383561644,0.9384615384615385,0.8840579710144928,390.0
accuracy,0.8461538461538461,0.8461538461538461,0.8461538461538461,0.8461538461538461
macro avg,0.8532920901458241,0.8153846153846154,0.8277432712215321,624.0
weighted avg,0.8488731771984092,0.8461538461538461,0.8418219461697724,624.0
